{
    "cash_balance": 37.00570415496259,
    "btc_balance": 0.2073940674874886,
    "starting_total": 20000.0
}